{"cameraMode":{"drawMode":0,"name":"Shaded","section":"Shading Mode"},"sceneLighting":true,"audioPlay":false,"sceneViewState":{"m_AlwaysRefresh":false,"showFog":true,"showSkybox":true,"showFlares":true,"showImageEffects":true,"showParticleSystems":true,"showVisualEffectGraphs":true,"m_FxEnabled":true},"in2DMode":false,"pivot":{"x":5.501387119293213,"y":-4.546004295349121,"z":51.498992919921878},"rotation":{"x":-0.03476857393980026,"y":-0.04436101019382477,"z":0.0015449589118361474,"w":-0.9984111785888672},"size":31.04939842224121,"orthographic":false}