{"cameraMode":{"drawMode":0,"name":"Shaded","section":"Shading Mode"},"sceneLighting":true,"audioPlay":false,"sceneViewState":{"m_AlwaysRefresh":false,"showFog":true,"showSkybox":true,"showFlares":true,"showImageEffects":true,"showParticleSystems":true,"showVisualEffectGraphs":true,"m_FxEnabled":true},"in2DMode":false,"pivot":{"x":6.314251899719238,"y":-13.869232177734375,"z":43.4911994934082},"rotation":{"x":-0.17166292667388917,"y":-0.05700819939374924,"z":0.009950913488864899,"w":-0.9834566712379456},"size":28.578689575195314,"orthographic":false}