{"cameraMode":{"drawMode":0,"name":"Shaded","section":"Shading Mode"},"sceneLighting":true,"audioPlay":false,"sceneViewState":{"m_AlwaysRefresh":false,"showFog":true,"showSkybox":true,"showFlares":true,"showImageEffects":true,"showParticleSystems":true,"showVisualEffectGraphs":true,"m_FxEnabled":true},"in2DMode":false,"pivot":{"x":-36.82875061035156,"y":-26.393909454345704,"z":-20.141319274902345},"rotation":{"x":-0.13919036090373994,"y":0.8308529257774353,"z":-0.23964367806911469,"w":-0.48257818818092348},"size":31.637643814086915,"orthographic":false}